Avg_ED_Fovea,Avg_ED_Disk,RMSE_Fovea,RMSE_Disk
35.33836865703675,49.36542532211241,44.92402570066868,71.6763429226821
